{
  "url": "https://en.wikipedia.org/wiki/Chess",
  "nodes": [
    {
      "section_number": -1,
      "section_header": "root"
    },
    {
      "section_number": 0,
      "section_header": "Rules",
      "parent_section_number": -1
    },
    {
      "section_number": 1,
      "section_header": "Setup",
      "parent_section_number": 0
    },
    {
      "section_number": 2,
      "section_header": "Movement",
      "parent_section_number": 0
    },
    {
      "section_number": 3,
      "section_header": "Castling",
      "parent_section_number": 0
    },
    {
      "section_number": 4,
      "section_header": "En passant",
      "parent_section_number": 0
    },
    {
      "section_number": 5,
      "section_header": "Promotion",
      "parent_section_number": 0
    },
    {
      "section_number": 6,
      "section_header": "Check",
      "parent_section_number": 0
    },
    {
      "section_number": 7,
      "section_header": "End of the game",
      "parent_section_number": 0
    },
    {
      "section_number": 8,
      "section_header": "Win",
      "parent_section_number": 7
    },
    {
      "section_number": 9,
      "section_header": "Draw",
      "parent_section_number": 7
    },
    {
      "section_number": 10,
      "section_header": "Time control",
      "parent_section_number": 0
    },
    {
      "section_number": 11,
      "section_header": "Notation for recording moves",
      "parent_section_number": -1
    },
    {
      "section_number": 12,
      "section_header": "Strategy and tactics",
      "parent_section_number": -1
    },
    {
      "section_number": 13,
      "section_header": "Fundamentals of tactics",
      "parent_section_number": 12
    },
    {
      "section_number": 14,
      "section_header": "Fundamentals of strategy",
      "parent_section_number": 12
    },
    {
      "section_number": 15,
      "section_header": "Phases",
      "parent_section_number": -1
    },
    {
      "section_number": 16,
      "section_header": "Opening",
      "parent_section_number": 15
    },
    {
      "section_number": 17,
      "section_header": "Middlegame",
      "parent_section_number": 15
    },
    {
      "section_number": 18,
      "section_header": "Endgame",
      "parent_section_number": 15
    },
    {
      "section_number": 19,
      "section_header": "History",
      "parent_section_number": -1
    },
    {
      "section_number": 20,
      "section_header": "Predecessors",
      "parent_section_number": 19
    },
    {
      "section_number": 21,
      "section_header": "1200–1700: Origins of the modern game",
      "parent_section_number": 19
    },
    {
      "section_number": 22,
      "section_header": "1700–1873: The Romantic Era in Chess",
      "parent_section_number": 19
    },
    {
      "section_number": 23,
      "section_header": "1873–1945: Birth of a sport",
      "parent_section_number": 19
    },
    {
      "section_number": 24,
      "section_header": "1945–present: Post-World War II era",
      "parent_section_number": 19
    },
    {
      "section_number": 25,
      "section_header": "Place in culture",
      "parent_section_number": -1
    },
    {
      "section_number": 26,
      "section_header": "Pre-modern",
      "parent_section_number": 25
    },
    {
      "section_number": 27,
      "section_header": "Modern",
      "parent_section_number": 25
    },
    {
      "section_number": 28,
      "section_header": "Controversy in religion",
      "parent_section_number": 25
    },
    {
      "section_number": 29,
      "section_header": "Composition",
      "parent_section_number": -1
    },
    {
      "section_number": 30,
      "section_header": "Example",
      "parent_section_number": 29
    },
    {
      "section_number": 31,
      "section_header": "Competitive play",
      "parent_section_number": -1
    },
    {
      "section_number": 32,
      "section_header": "Organization of competitions",
      "parent_section_number": 31
    },
    {
      "section_number": 33,
      "section_header": "Titles and rankings",
      "parent_section_number": 31
    },
    {
      "section_number": 34,
      "section_header": "Publications",
      "parent_section_number": -1
    },
    {
      "section_number": 35,
      "section_header": "Mathematics and computers",
      "parent_section_number": -1
    },
    {
      "section_number": 36,
      "section_header": "Combinatorics of chess and chess puzzles",
      "parent_section_number": 35
    },
    {
      "section_number": 37,
      "section_header": "Computer chess",
      "parent_section_number": 35
    },
    {
      "section_number": 38,
      "section_header": "Relation to game theory",
      "parent_section_number": 35
    },
    {
      "section_number": 39,
      "section_header": "Computational complexity",
      "parent_section_number": 35
    },
    {
      "section_number": 40,
      "section_header": "Combinatorial game theory",
      "parent_section_number": 35
    },
    {
      "section_number": 41,
      "section_header": "Psychology",
      "parent_section_number": -1
    },
    {
      "section_number": 42,
      "section_header": "Chess and intelligence",
      "parent_section_number": 41
    },
    {
      "section_number": 43,
      "section_header": "Variants",
      "parent_section_number": -1
    },
    {
      "section_number": 44,
      "section_header": "See also",
      "parent_section_number": -1
    },
    {
      "section_number": 45,
      "section_header": "Notes",
      "parent_section_number": -1
    },
    {
      "section_number": 46,
      "section_header": "References",
      "parent_section_number": -1
    },
    {
      "section_number": 47,
      "section_header": "Further reading",
      "parent_section_number": -1
    }
  ],
  "links": [
    {
      "source": 0,
      "target": -1
    },
    {
      "source": 1,
      "target": 0
    },
    {
      "source": 2,
      "target": 0
    },
    {
      "source": 3,
      "target": 0
    },
    {
      "source": 4,
      "target": 0
    },
    {
      "source": 5,
      "target": 0
    },
    {
      "source": 6,
      "target": 0
    },
    {
      "source": 7,
      "target": 0
    },
    {
      "source": 8,
      "target": 7
    },
    {
      "source": 9,
      "target": 7
    },
    {
      "source": 10,
      "target": 0
    },
    {
      "source": 11,
      "target": -1
    },
    {
      "source": 12,
      "target": -1
    },
    {
      "source": 13,
      "target": 12
    },
    {
      "source": 14,
      "target": 12
    },
    {
      "source": 15,
      "target": -1
    },
    {
      "source": 16,
      "target": 15
    },
    {
      "source": 17,
      "target": 15
    },
    {
      "source": 18,
      "target": 15
    },
    {
      "source": 19,
      "target": -1
    },
    {
      "source": 20,
      "target": 19
    },
    {
      "source": 21,
      "target": 19
    },
    {
      "source": 22,
      "target": 19
    },
    {
      "source": 23,
      "target": 19
    },
    {
      "source": 24,
      "target": 19
    },
    {
      "source": 25,
      "target": -1
    },
    {
      "source": 26,
      "target": 25
    },
    {
      "source": 27,
      "target": 25
    },
    {
      "source": 28,
      "target": 25
    },
    {
      "source": 29,
      "target": -1
    },
    {
      "source": 30,
      "target": 29
    },
    {
      "source": 31,
      "target": -1
    },
    {
      "source": 32,
      "target": 31
    },
    {
      "source": 33,
      "target": 31
    },
    {
      "source": 34,
      "target": -1
    },
    {
      "source": 35,
      "target": -1
    },
    {
      "source": 36,
      "target": 35
    },
    {
      "source": 37,
      "target": 35
    },
    {
      "source": 38,
      "target": 35
    },
    {
      "source": 39,
      "target": 35
    },
    {
      "source": 40,
      "target": 35
    },
    {
      "source": 41,
      "target": -1
    },
    {
      "source": 42,
      "target": 41
    },
    {
      "source": 43,
      "target": -1
    },
    {
      "source": 44,
      "target": -1
    },
    {
      "source": 45,
      "target": -1
    },
    {
      "source": 46,
      "target": -1
    },
    {
      "source": 47,
      "target": -1
    }
  ]
}